{"global_step": 196608, "_timestamp": 1683285100.6073534, "reward_terms/attitude_reward": 0.2888287603855133, "reward_terms/forward_vel_reward": 0.007251574192196131, "reward_terms/height_reward": 0.387701153755188, "reward_terms/joint_reward": 0.008067146874964237, "reward_terms/smoothness1_reward": 4.444850829756385e-28, "reward_terms/smoothness2_reward": 0.0, "reward_terms/smoothness_reward": 2.2224254148781925e-28, "reward_terms/torque_reward": 1.3767348718829453e-06, "rollout/ep_len_mean": 101.37999725341797, "rollout/ep_rew_mean": 76.27371215820312, "time/collect_time": 22.313016891479492, "time/fps": 1321.0, "_runtime": 156.43301844596863, "_step": 5, "time/evaluate_actions_time": 0.0005852918839082122, "time/train_time": 1.73819899559021, "train/approx_kl": 0.06303808093070984, "train/clip_fraction": 0.48356932401657104, "train/clip_range": 0.20000000298023224, "train/entropy_loss": -18.208566665649414, "train/explained_variance": 0.9641374945640564, "train/learning_rate": 0.0003000000142492354, "train/loss": 2.352945566177368, "train/policy_gradient_loss": -0.08922354131937027, "train/std": 0.36582544445991516, "train/value_loss": 5.789924621582031, "_wandb": {"runtime": 176}}